{
    "0": {
        "precision": 0.10456846716376823,
        "recall": 0.9816629213483146,
        "f1-score": 0.1890039047711761,
        "support": 44500.0
    },
    "1": {
        "precision": 0.9939420249817471,
        "recall": 0.950377358490566,
        "f1-score": 0.971671634017188,
        "support": 53000.0
    },
    "2": {
        "precision": 0.9991991319623851,
        "recall": 0.9319759036144578,
        "f1-score": 0.9644175144623978,
        "support": 41500.0
    },
    "3": {
        "precision": 0.02830188679245283,
        "recall": 0.00013793103448275863,
        "f1-score": 0.0002745241581259151,
        "support": 43500.0
    },
    "4": {
        "precision": 0.911507582515611,
        "recall": 0.948061855670103,
        "f1-score": 0.9294254383748547,
        "support": 48500.0
    },
    "5": {
        "precision": 0.918532634587899,
        "recall": 0.3817821782178218,
        "f1-score": 0.5393761365225905,
        "support": 50500.0
    },
    "6": {
        "precision": 1.0,
        "recall": 0.9534257425742574,
        "f1-score": 0.9761576514475712,
        "support": 50500.0
    },
    "7": {
        "precision": 1.0,
        "recall": 0.96,
        "f1-score": 0.9795918367346939,
        "support": 53000.0
    },
    "8": {
        "precision": 0.9797352725982751,
        "recall": 0.8497884615384615,
        "f1-score": 0.9101469573545616,
        "support": 52000.0
    },
    "9": {
        "precision": 0.041666666666666664,
        "recall": 1.9047619047619046e-05,
        "f1-score": 3.80778310867413e-05,
        "support": 52500.0
    },
    "10": {
        "precision": 0.6680064308681672,
        "recall": 0.342680412371134,
        "f1-score": 0.45298446443172524,
        "support": 48500.0
    },
    "11": {
        "precision": 0.8859847979730631,
        "recall": 0.4832,
        "f1-score": 0.6253470751564779,
        "support": 55000.0
    },
    "12": {
        "precision": 0.8766,
        "recall": 0.8766,
        "f1-score": 0.8766,
        "support": 50000.0
    },
    "13": {
        "precision": 0.9932392125671108,
        "recall": 0.81,
        "f1-score": 0.8923095245184148,
        "support": 55500.0
    },
    "14": {
        "precision": 0.9913313072388684,
        "recall": 0.8757117117117117,
        "f1-score": 0.9299415462033733,
        "support": 55500.0
    },
    "15": {
        "precision": 0.015444015444015444,
        "recall": 8.421052631578948e-05,
        "f1-score": 0.00016750769488473377,
        "support": 47500.0
    },
    "16": {
        "precision": 0.9968707482993198,
        "recall": 0.15425263157894736,
        "f1-score": 0.26716499544211486,
        "support": 47500.0
    },
    "17": {
        "precision": 0.9268904434385593,
        "recall": 0.8446785714285714,
        "f1-score": 0.8838769351508413,
        "support": 56000.0
    },
    "18": {
        "precision": 0.9824632184835526,
        "recall": 0.7609791666666667,
        "f1-score": 0.8576527078270466,
        "support": 48000.0
    },
    "19": {
        "precision": 0.9196581196581196,
        "recall": 0.07253932584269662,
        "f1-score": 0.13447198500312435,
        "support": 44500.0
    },
    "20": {
        "precision": 0.9151699751426671,
        "recall": 0.4979047619047619,
        "f1-score": 0.6449304861650815,
        "support": 52500.0
    },
    "accuracy": 0.61174,
    "macro avg": {
        "precision": 0.7690053303039166,
        "recall": 0.6036124853399198,
        "f1-score": 0.6202643287270158,
        "support": 1050000.0
    },
    "weighted avg": {
        "precision": 0.779504067038808,
        "recall": 0.61174,
        "f1-score": 0.6336557080652769,
        "support": 1050000.0
    }
}