{
    "0": {
        "precision": 0.1090530635157591,
        "recall": 0.9866067415730337,
        "f1-score": 0.19639761749792548,
        "support": 44500.0
    },
    "1": {
        "precision": 0.9942342626964695,
        "recall": 0.9500377358490566,
        "f1-score": 0.9716336690980665,
        "support": 53000.0
    },
    "2": {
        "precision": 0.9990197342964013,
        "recall": 0.9331807228915663,
        "f1-score": 0.9649785086899645,
        "support": 41500.0
    },
    "3": {
        "precision": 0.09818875119161107,
        "recall": 0.004735632183908046,
        "f1-score": 0.009035484012456687,
        "support": 43500.0
    },
    "4": {
        "precision": 0.9146290511907367,
        "recall": 0.9478762886597938,
        "f1-score": 0.930955924789648,
        "support": 48500.0
    },
    "5": {
        "precision": 0.9158066775624563,
        "recall": 0.38835643564356437,
        "f1-score": 0.5454216783702983,
        "support": 50500.0
    },
    "6": {
        "precision": 1.0,
        "recall": 0.9584752475247524,
        "f1-score": 0.9787974075609436,
        "support": 50500.0
    },
    "7": {
        "precision": 1.0,
        "recall": 0.96,
        "f1-score": 0.9795918367346939,
        "support": 53000.0
    },
    "8": {
        "precision": 0.9793837188769203,
        "recall": 0.8532692307692308,
        "f1-score": 0.9119871742168872,
        "support": 52000.0
    },
    "9": {
        "precision": 0.049783549783549784,
        "recall": 0.0004380952380952381,
        "f1-score": 0.0008685472602998376,
        "support": 52500.0
    },
    "10": {
        "precision": 0.6513247223479441,
        "recall": 0.3857319587628866,
        "f1-score": 0.48451886096111263,
        "support": 48500.0
    },
    "11": {
        "precision": 0.9168237215730619,
        "recall": 0.5306909090909091,
        "f1-score": 0.6722557464646,
        "support": 55000.0
    },
    "12": {
        "precision": 0.87417614145477,
        "recall": 0.87804,
        "f1-score": 0.8761038105786213,
        "support": 50000.0
    },
    "13": {
        "precision": 0.9933864189338641,
        "recall": 0.8092072072072072,
        "f1-score": 0.8918875980538179,
        "support": 55500.0
    },
    "14": {
        "precision": 0.9922706664802572,
        "recall": 0.8951711711711712,
        "f1-score": 0.9412232757722437,
        "support": 55500.0
    },
    "15": {
        "precision": 0.08049189491335942,
        "recall": 0.003031578947368421,
        "f1-score": 0.005843088721621457,
        "support": 47500.0
    },
    "16": {
        "precision": 0.9893350745456524,
        "recall": 0.19138947368421053,
        "f1-score": 0.3207324172238,
        "support": 47500.0
    },
    "17": {
        "precision": 0.931737863475727,
        "recall": 0.8050714285714285,
        "f1-score": 0.8637857204441166,
        "support": 56000.0
    },
    "18": {
        "precision": 0.9826530884986502,
        "recall": 0.7659166666666667,
        "f1-score": 0.8608525634271129,
        "support": 48000.0
    },
    "19": {
        "precision": 0.9160117878192534,
        "recall": 0.1257303370786517,
        "f1-score": 0.2211112867530825,
        "support": 44500.0
    },
    "20": {
        "precision": 0.8931785099907371,
        "recall": 0.5142666666666666,
        "f1-score": 0.6527173387486703,
        "support": 52500.0
    },
    "accuracy": 0.6214447619047619,
    "macro avg": {
        "precision": 0.7753089856736753,
        "recall": 0.6136773108657223,
        "f1-score": 0.632414264541904,
        "support": 1050000.0
    },
    "weighted avg": {
        "precision": 0.7854003027260535,
        "recall": 0.6214447619047619,
        "f1-score": 0.6452534311812193,
        "support": 1050000.0
    }
}